source_id,title,publisher,published_at,accessed_at,url,authority_level,supports_claim,limitations
SRC-01,Jill Watson: A Virtual Teaching Assistant for Online Education,Georgia Institute of Technology,unknown,2026-08-24,https://repository.gatech.edu/entities/publication/4a7ab707-3311-4c67-a3c5-c309873d75f5,first-party,"The Georgia Tech technical report states that Jill Watson operated in the OMSCS 7637 Knowledge-Based Artificial Intelligence discussion forums from Spring 2016; about 750 students had interacted with versions of the system, and the Spring 2017 version autonomously handled introductions, announcements, and routine frequently asked questions.","The repository metadata gives only the publication year 2016; this is a first-party technical report rather than an independent peer-reviewed evaluation, and it does not establish learning gains, long-term effects, or reliability for generative explanations of AI concepts."
SRC-02,CodeHelp: Using Large Language Models with Guardrails for Scalable Support in Programming Classes,Association for Computing Machinery,2023-11-13,2026-08-24,https://doi.org/10.1145/3631802.3631830,primary-peer-reviewed,"The Koli Calling 2023 paper reports a 12-week deployment with 52 students in a first-year computer and data science course; CodeHelp used guardrails intended to provide guidance without directly revealing solutions and to complement instructor and teaching-assistant support.","This was a small single-course deployment; survey participation was optional and incentivized, the instructor was also an author, and the study did not establish causal learning gains or reliability for every AI-course topic."
SRC-03,GPT detectors are biased against non-native English writers,Patterns,2023-07-10,2026-08-24,https://doi.org/10.1016/j.patter.2023.100779,primary-peer-reviewed,"Seven evaluated GPT detectors misclassified human-written TOEFL essays by non-native English writers at a much higher rate than the comparison set of US eighth-grade essays.","The study used 91 TOEFL essays, 88 US eighth-grade essays, and a specific set of detectors available in 2023; it did not evaluate every detector or an AI tutor."
SRC-04,Guidance on AI Detection and Why We're Disabling Turnitin's AI Detector,Vanderbilt University,2023-08-16,2026-08-24,https://www.vanderbilt.edu/brightspace/2023/08/16/guidance-on-ai-detection-and-why-were-disabling-turnitins-ai-detector/,first-party,"Vanderbilt reported disabling Turnitin's AI detection feature after reviewing reliability, transparency, false-positive, bias, and student-data privacy concerns.","This is a first-party institutional decision rather than an independent technical audit; its 750-paper illustration extrapolates a vendor-claimed 1% false-positive rate and is not an observed incident count."
SRC-05,Law 134/2025/QH15 on Artificial Intelligence,National Assembly of Vietnam,2025-12-10,2026-08-24,https://vanban.chinhphu.vn/?classid=1&docid=216334&pageid=27160&typegroupid=3,primary-official,"Vietnam's official legal portal records the Artificial Intelligence Law as effective from 1 March 2026 and establishes the primary legal instrument that must be assessed for the pilot.","The official metadata confirms the instrument and effective date, but the exact duties depend on the final intended purpose, system role, workflow, and facts of deployment."
SRC-06,Decree 142/2026/ND-CP detailing implementation of the Artificial Intelligence Law,Government of Vietnam,2026-04-30,2026-08-24,https://vanban.chinhphu.vn/?docid=218029&pageid=27160&typegroupid=4,primary-official,"Vietnam's official legal portal records Decree 142/2026/ND-CP as effective from 1 May 2026 and as detailing measures for implementation of the Artificial Intelligence Law.","Applicability cannot be inferred from the decree title alone; qualified review must map the complete product purpose, provider and deployer roles, data flow, and controls to the signed text."
SRC-07,Decision 33/2026/QD-TTg issuing the list of high-risk artificial intelligence systems,Prime Minister of Vietnam,2026-06-30,2026-08-24,https://vanban.chinhphu.vn/?classid=1&docid=218658&pageid=27160&typegroupid=5,primary-official,"Vietnam's official legal portal records Decision 33/2026/QD-TTg and its high-risk AI system list as effective from 15 August 2026.","A legal reviewer must compare AIGuide's exact intended purpose and excluded grading, disciplinary, deployment, and external-action functions with the complete signed list; the source title alone does not determine classification."
SRC-08,Law 91/2025/QH15 on Personal Data Protection,National Assembly of Vietnam,2025-06-26,2026-08-24,https://vanban.chinhphu.vn/?classid=1&docid=214590&pageid=27160&typegroup=,primary-official,"Vietnam's official legal portal records the Personal Data Protection Law as effective from 1 January 2026, making student interaction and vendor data flows subject to a dedicated privacy applicability review.","The portal metadata does not by itself determine lawful basis, data roles, retention, cross-border transfer, or whether a particular pilot field is sensitive personal data."
SRC-09,EU AI Act policy framework and implementation timeline,European Commission,2026-08-03,2026-08-24,https://digital-strategy.ec.europa.eu/en/policies/regulatory-framework-ai,primary-official,"The Commission states that chatbot transparency rules apply from August 2026 and that Annex III high-risk rules for specified education uses apply from 2 December 2027.","The current pilot targets Vietnam only, and any future EU classification would still depend on intended purpose, provider or deployer role, affected people, and whether the system evaluates outcomes or steers learning in a listed way."
